year,n_paises,log_gdp_media,log_gdp_mediana,life_ladder_media,life_ladder_mediana,healthy_life_media,corr_pearson_gdp_ladder,corr_spearman_gdp_ladder
2005,27,10.1187,10.462,6.4463,6.62,67.0074,0.6809,0.7259
2006,87,9.0247,9.044,5.1907,5.076,60.0522,0.8368,0.8488
2007,101,9.1754,9.267,5.4214,5.223,61.3053,0.7724,0.7811
2008,108,9.1537,9.211,5.4202,5.1815,61.25,0.8512,0.8706
2009,111,9.2524,9.332,5.4585,5.353,62.4189,0.7309,0.7419
2010,121,9.3848,9.456,5.5052,5.464,63.069,0.7689,0.7802
2011,141,9.2728,9.333,5.4297,5.225,62.2121,0.7663,0.7802
2012,136,9.3784,9.4645,5.4456,5.264,63.217,0.7847,0.8013
2013,133,9.3715,9.443,5.3848,5.244,63.3265,0.7754,0.7881
2014,138,9.3576,9.4265,5.3965,5.323,63.4927,0.8061,0.8028
2015,137,9.3941,9.457,5.4109,5.344,63.8624,0.8219,0.8333
2016,135,9.3887,9.51,5.4123,5.417,64.0609,0.8316,0.8406
2017,142,9.3827,9.504,5.4744,5.566,64.1824,0.7977,0.8104
2018,135,9.4076,9.565,5.5227,5.472,64.5885,0.7824,0.8033
2019,136,9.4668,9.5945,5.5835,5.6395,65.0371,0.7591,0.7883
2020,88,9.7513,9.8815,5.8484,5.8485,66.97,0.8422,0.8754
